recipe_id,calories,fat,protein,carbs,fiber,sugar,sodium
1,281.18,12.94,10.33,33.78,7.08,20.05,252.79
2,462.09,3.99,23.89,96.03,16.56,23.67,336.24
3,654.73,44.88,49.45,12.9,3.51,5.84,964.99
4,779.48,35.76,19.58,103.92,7.57,65.38,364.08
5,469.98,13.84,19.36,72.94,9.29,15.5,131.03
6,386.62,26.07,13.11,27.82,18.16,4.98,76.62
7,411.92,7.34,16.48,74.41,8.75,17.96,93.55
8,286.46,11.36,17.65,33.16,5.28,17.71,396.8
9,522.59,13.65,17.16,89.78,9.92,57.04,151.13
10,624.99,34.34,65.68,12.78,2.18,3.15,1103.92
11,416.23,29.47,27.52,12.76,3.6,4.7,798.54
12,390.23,29.58,19.3,15.73,6.48,7.85,800.17
13,281.89,20.28,19.97,5.43,1.96,0.97,483.86
14,598.16,43.2,41.6,8.53,NULL,3.76,1328.36
15,399.09,32.24,20.21,8.25,1.49,3.94,327.2
16,237.3,17.03,16.54,5.28,1.46,2.24,647.63
17,260.57,19.25,17.1,5.92,2.41,2.45,590.49
18,337.05,28.01,18.14,2.15,NULL,1.34,273.59
19,375.62,30.19,16.02,11.86,2.8,2.94,190.3
20,430.24,2.04,11.36,91.33,2.99,19.34,602.56
21,314.02,19.99,14.59,21.97,6.24,3.77,521.41
22,363.34,7.05,11.56,72.16,7.47,46.25,185.96
23,440.15,23.33,26.45,31.61,5.07,1.66,708.46
24,554.16,11.56,21.86,94.62,5.19,61.84,215.85
25,236.51,11.98,16.63,18.93,4.83,8.85,219.56
26,583.22,42.57,18.19,40.29,11.57,12.8,6.91
27,260.63,11.1,11.71,29.99,2.76,26.75,128.78
28,419.86,9.3,6.32,88.24,4.28,17.69,71.7
29,271.21,3.77,8.06,53.66,6.59,14.76,216.6
30,381.92,21.23,10.38,42.77,10.91,4.18,2345.04
31,305.09,17.36,4.12,38.07,4.76,25.11,33.51
32,366.68,17.51,9.98,52.69,8.13,31.16,154.56
33,493.06,34.42,29.75,20.32,6.79,5.02,1769.95
34,135.07,0.83,1.56,33.37,3.36,28.73,7.52
35,217.83,7.52,4.43,34.71,4.07,11.73,112.12
36,539.84,32.72,41.02,20.98,3.89,3.63,1494.55
37,899.19,58.89,42.16,41.53,2.93,2.69,2262.47
38,208.28,8.54,16.74,17.65,3.48,2.33,131.03
39,231.75,12.66,16.36,12.39,1.68,1.4,567.11
40,130.3,5.22,18.46,2.14,0.33,0.42,347.69
41,105.83,7.3,8.43,1.03,NULL,0.27,466.4
42,83.52,7.03,1.49,3.84,NULL,0.78,82.89
43,571.94,39.7,34.1,19.87,4.41,6.81,876.48
44,709.03,52.71,8.21,64.3,8.26,17.47,33.13
45,133.08,0.52,1.73,33.39,3.21,19.6,1.81
46,151.4,4.87,2.31,28.29,3.69,14.58,1.35
47,137.95,8.15,9.84,8.02,3.23,4.8,281.93
48,290.66,0.34,2.35,76.37,5.26,70.79,24.95
49,339.94,26.08,4.36,28.56,5.94,15.21,16.47
50,477.24,20.34,26.93,51.78,23.79,10.55,1335.78
51,433.82,11.63,44.24,40.53,11.92,3.49,1253.65
52,392.8,6.45,18.13,69.36,16.25,10.19,1111.47
53,538.7,14.62,20.86,84.48,14.78,17.87,221.29
54,445.69,4.09,19.14,86.11,19.36,7.35,1058.31
55,242.41,1.29,16.13,43.37,10.66,2.23,206.16
56,586.78,14.04,65.78,48.51,14.09,8.63,914.69
57,625.07,30.69,19.85,71.66,9.56,6.45,971.81
58,331.54,9.98,16.99,46.27,11.86,3.03,432.44
59,340.11,8.08,18.31,50.72,22.52,7.6,377.99
60,594.1,23.79,34.23,68.04,17.73,14.56,1709.61
61,382.32,24.91,34.26,5.13,1.24,0.95,271.27
62,492.94,10.28,19.76,82.25,11.79,10.06,645.28
63,486.24,4.03,15.96,95.36,4.94,4.39,404.1
64,719.45,49.33,26.74,51.2,17.91,4.84,351.63
65,750.02,19.53,57.79,84.81,7.18,4.49,355.42
66,344.33,12.4,27.77,28.01,1.89,2.85,419.71
67,321.81,12.73,22.03,29.95,6.47,18.33,341.17
68,495.53,18.41,38.53,44.62,8.99,10.3,121.03
69,409.46,29.97,26.63,11.65,4.84,3.15,267.49
70,564.44,35.11,43.55,21.44,11.06,3.4,399.78
71,865.11,67.55,46.3,24.25,5.81,7.35,674.14
72,634.9,43.94,43.87,18.47,5.87,7.77,1535.31
73,474.9,33.93,29.01,15.71,5.51,5.09,591.16
74,300.57,19.87,25.34,4.85,1.28,2.18,261.55
75,728.19,50.52,52.4,11.89,2.06,6.62,390.19
76,941.48,70.54,48.35,27.51,5.87,11.89,718.38
77,502.58,38.23,25.34,20.58,14.2,3.15,1539.02
78,491.85,43.3,20.62,6.67,2.38,1.66,295.05
79,855.96,68.47,40.36,20.58,5.67,11.73,854.52
80,505.18,32.22,44.19,8.64,2.04,3.36,431.89
81,413.62,31.31,23.38,12.12,7.3,2.08,1117.07
82,382.65,30.13,20.07,11.53,7.11,1.51,379.17
83,522.5,26.36,53.51,21.29,5.07,13.24,1186.96
84,322.92,22.26,22,10.59,4.49,3.09,262.36
85,638.55,46.95,41.85,12.38,3.31,5.39,393.48
86,1024.58,82.6,53.8,17.58,8.83,4.22,735.91
87,902.54,65.88,56.29,20.26,5.9,8.29,327.43
88,537.09,34.72,39.5,14.52,1.58,1.72,1060.01
89,465.29,7.26,20.02,82.4,15.55,5.03,758.7
90,407.26,9.34,15.32,68.44,10.14,7.02,699.58
91,524.47,28.51,16.42,59.96,16.53,7.76,392.98
92,554.93,7.45,23.32,102.54,22.04,16.15,1216.19
93,252.85,6.38,12.08,39.81,12.51,14.7,204.2
94,375.59,5.15,19.83,66.07,14,19.32,217.18
95,396.33,3.55,25.65,66.22,31.05,6.86,231.64
96,466.25,8.84,14.51,82.47,5.58,7.63,157.37
97,451.99,14.98,20.33,60.09,23.75,3.51,205.05
98,716.7,44.41,14.38,74.15,19.9,11.98,257.22
99,345.17,9.43,17.39,49.67,18.6,4.89,601.87
100,455.29,7.76,13.63,86.28,12.26,9.48,667.7
101,260.79,11.49,12.82,31.92,6.52,6.95,269.38
102,635.75,31.69,17.36,76.7,13.7,8.62,523.26
103,204.33,0.77,12.63,36.82,14.55,2.09,205.61
104,327.84,2.52,16.03,63.12,18.08,23.1,40.41
105,301.22,14.45,25.18,18.46,2.73,12.74,310.27
106,390.3,22.16,32.57,13.78,1.42,2.15,377.05
107,422.05,21.96,43.58,6.39,0.61,1.61,397.65
108,639.26,37.05,33.99,53.29,17.27,20.01,378.39
109,404.86,18.17,21.98,39.45,5.99,6.44,1150.87
110,440.07,29.1,27.23,18.51,5.58,10.85,186.03
111,422.67,10.32,24.32,57.66,5.21,8.42,257.04
112,729.84,26.14,56.41,69.2,10.9,19.88,361.9
113,463.7,2.91,37.7,70.33,4.42,6.1,307.56
114,381.51,10.43,49.46,16.74,2.67,9.29,3408.02
115,336.87,12.16,35.89,23.42,3.3,9.76,357.89
116,207.76,8.6,21.02,8.72,NULL,0.31,498.66
117,388.2,15.32,43.6,17.83,2.26,5.26,644.82
118,432.71,21.67,45.77,12.29,2.01,8.12,105.03
119,731.68,19.32,41.16,96.6,0.78,55.54,965.49
120,685.38,28.48,38.32,52.79,12.37,24.21,1051.32
121,485.5,9.3,44.11,54.57,8.14,11.34,480.93
122,679.31,18.06,48.91,84.96,14.18,24.56,1278.71
123,584.68,27.53,77.12,3.22,0.82,1.2,282.37
124,565.7,24.49,23.56,76.37,29.74,39.48,925.95
125,251.95,10.82,34.32,2.31,NULL,0.75,279.1
126,529.47,48.25,12.63,22.13,10.53,6.08,628.87
127,410.25,21.11,51.02,0.52,NULL,0,530.22
128,537.41,18.79,37.33,60.09,9.19,44.81,478.9
129,495.61,26.97,59.11,1.21,0.35,0.08,1054.11
130,298.71,14.14,37.25,3.41,1.58,0.25,100.44
131,457.01,25.75,38.66,19.6,6.08,9.44,1267.96
132,485.11,37.82,33.91,1.28,NULL,0.23,221.25
133,1162.77,85.23,56.74,57.1,18.48,13.46,2480.97
134,610.86,11.98,69.43,67.64,15.08,36.4,2834.98
135,855.01,39.9,35.32,96.63,9.31,7.13,750.44
136,717.88,35,20.33,89.88,19.38,16.24,627.75
137,547.02,32.66,32.68,43.34,17.37,8.65,1273.71
138,725.31,62.84,24.22,28.04,14.52,7.9,1794.85
139,223.33,0.85,15.33,49.94,25.42,4.57,427.82
140,473.07,8.44,26.34,79.37,10.99,2.52,223.77
141,473.1,21.76,43.41,32.57,7.43,8.63,1435.75
142,330.35,9.13,9.07,20.26,0.42,15.91,136.8
143,217.43,7.76,10.84,28.83,11.17,11.54,11.26
144,169.87,14.98,2.11,7.46,2.7,4.12,40.51
145,248.3,12.96,7.06,28.91,5.81,3.23,444.09
146,231.8,15.91,7.94,19.79,8.18,5.33,64.76
147,161.61,2,13.32,28.28,5.84,9.93,1245.15
148,137.21,11.2,3.61,8.63,4.43,2.75,116.19
149,237.36,15.58,4.62,26.27,9.23,2.32,13.83
150,90.93,6.78,3.55,4.7,3.31,0.39,262.69
151,703.82,62.18,26.77,16.15,3.29,1.74,1001.93
152,995.02,86.76,47.39,9.05,3.61,1.61,326.42
153,509.39,39.01,33.05,8.36,4.33,2.95,1446.01
154,798.62,65.83,40.38,10.88,0.56,6.42,2435.16
155,674.2,53.2,31.39,22.16,7.06,1.83,165.91
156,365.28,9.37,12.3,61.53,12.77,5.8,376.22
157,128.72,2.2,6.73,23.17,8.23,7.24,551.5
158,353.62,16.8,7.78,45.92,6.46,14.33,208.34
159,483.46,25.22,13.96,53.47,8.86,3.31,638.24
160,170.13,14.83,2.32,10.91,7.19,1.62,8.48
161,58.24,2.43,3.28,8,3.04,1.96,328.45
162,133.79,6.38,5.24,15.34,4.23,2.76,203.18
163,134.47,2.66,7.47,23.64,5.36,9.56,63.89
164,360.99,18.02,9.32,43.97,6.82,8.01,214.87
165,222.26,10.22,6.08,32.14,9.78,14.2,167.29
166,417.83,6.4,38.75,53.99,5.34,6.52,1517.71
167,365.4,3.36,23.01,73.22,16.19,31.78,1437540
168,200.26,11.91,5.17,23.76,7.97,14.42,662.25
169,453,37.65,10.25,26.18,9.73,6.37,354.54
170,139.27,8.96,6.35,12.38,4.41,5.11,171.24
171,455.56,30.28,14.62,42.03,15.4,14.99,811.75
172,231.65,4.8,7.21,47.56,11.59,15.61,627.14
173,165.6,15.19,2.34,6.02,3.07,0.84,227.12
174,111.19,1.51,7.6,22.46,8.46,8.33,288.86
175,1029.13,69.63,32.3,82.22,27.76,44.38,1363.75
176,432.89,17.17,15.19,65.57,20.6,13.03,643.75
177,631.37,31.4,27.5,80.62,24.84,17.79,701.26
178,303.72,1.11,19.52,55.61,23.9,6.59,119.79
179,1157.19,87.72,26.55,69.83,30.6,3.63,215.82
180,852.61,65,28.93,68.55,24.85,30.89,91.88
181,1131.83,61.13,72.45,84.45,23.61,30.47,1844.16
182,569.34,26.05,22.01,71.02,30.51,36.87,830.74
183,947.75,71.55,33.85,47.79,20.42,22.57,1424.29
184,223.31,6.94,8.79,45.08,20.28,19.16,23899
185,468.45,30.7,11.93,46.89,22.82,19.57,458.78
186,566.77,22.85,23.08,74.04,28.01,5.6,1428.02
187,548.25,33.65,26.76,47.52,27.48,3,1204.98
188,346.52,15.92,9.25,50.48,20.07,30.73,113208
189,890.42,47.93,32.03,100.97,21,18.05,55.65
190,500.32,13.85,23.8,73.13,27.45,8.77,1189.75
191,513.55,16.56,23.73,74.69,20,28.69,289.75
192,405.14,4.07,25.32,69.79,28.06,12.39,1332.28
193,724.17,43.7,13.73,78.67,23.31,46.74,1822.27
194,607.6,19.3,21.35,91.24,26.59,22.44,1058.18
195,424.07,17.59,18.36,51.94,21.95,8.18,79.45
196,564.3,30.23,11.34,91.36,32.19,0.59,28.14
197,834.27,54.09,11.15,87.6,23.13,58.24,842.56
198,368.09,3.75,22.71,64.17,28,11.12,1018.77
199,562.73,15.36,20.96,86.37,20.66,5.73,1023.65
200,547.9,22.44,25.3,63.14,30,7.2,237.04
201,1011.48,56.75,76.36,63.42,26.83,12.84,500.92
202,873.86,49.29,30.47,86.63,20.85,24.46,544.22
203,387.67,10.3,13.89,70.97,26.38,38.19,181.15
204,108.88,8.1,2.53,8.47,2.55,4.29,36.66
205,389.02,15.75,49.07,10.42,1.58,5.24,345.13
206,137.61,3.02,18.03,10.26,2.35,6,339.15
207,284.77,21.92,7.91,16.95,3.6,9.09,129.08
208,526.57,33.18,11.49,48.58,5.08,38.95,265.61
209,221.61,16.55,4.1,15.02,4.21,7.23,155.98
210,655.71,39.06,10.33,71.13,2.79,66.03,76.13
211,595.52,41.97,6.9,53.81,4.65,45.1,44.11
212,119.84,7.98,3.25,10.15,1.39,7.6,98.49
213,110.14,3.58,1.68,20.67,2.7,16.8,8.65
214,89.28,4.98,1.98,11.14,2.1,8.33,0.39
215,397.95,25.42,4.26,37.92,1.82,33.44,126.64
216,86.3,4.57,1.17,10.94,1.87,6.12,2.1
217,85.02,4.25,2.13,11.18,2.01,5.94,53
218,72.41,5.51,1.52,5.71,2.07,2.21,3.07
219,205.91,10.18,2.7,27.55,2.01,18.77,34.88
220,774.66,42.85,13.02,90.32,16.73,8.44,342.92
221,577.09,32.9,21.17,51.08,3.12,41.02,154.17
222,187.2,16.05,2.68,10.04,4.1,4.89,18.77
223,384.29,26.27,5.26,32.11,6.17,20.33,334.41
224,362.09,14.64,9.68,49.13,2.92,32.58,77.11
225,446.69,31.87,7.49,35.25,2.83,23.43,169.43
226,564.18,42.87,8.79,35.49,4.36,11.41,557.97
227,256.8,12.33,5.69,30.66,3.45,12.47,187.47
228,245.14,11.72,4.41,30.89,1.18,13.56,307.14
229,169.77,12.37,3.35,12.46,2.07,6.25,57.35
230,526.99,29.48,4.39,66.48,3.52,52.36,172.89
231,52.16,3.38,1.04,4.85,0.42,2.34,40.16
232,365.69,24.28,5.54,33.67,4.19,22.28,103.16
233,80.2,6.08,1.07,5.94,2.2,2.54,82.8
234,89.46,1.43,4.37,14.12,NULL,6.98,51.94
235,138.71,11.99,2.16,7.1,1.66,3.09,2.48
236,678.91,34.91,5.35,88.21,1.18,73.65,342.77
237,119,9.68,3.93,5.7,2.51,2.01,0.7
238,774.65,47.46,9.58,87.66,6.59,71.21,278.73
239,209.88,3.6,15.62,32.71,7.29,14.37,229.17
240,69.15,2.17,4.75,10.14,3.98,5.44,147.88
241,184.42,4.66,7.5,29.81,6.75,10.08,244.12
242,479.13,21.67,45,25.34,3.43,11.73,196.65
243,435.61,24.02,15.9,47.03,7.14,26.16,567.39
244,117.7,6.89,7.41,7.57,2.25,3.59,456.19
245,465.67,35.89,24.9,11.67,4.24,4.98,534.37
246,387.79,27.69,15.77,20.59,3.82,6.58,560.48
247,63.2,0.41,2.01,12.8,1.25,1.14,307.94
248,944.54,59.92,52.9,51.4,10.31,14.83,2858.13
249,687.18,32.86,46.22,58.61,15.71,8.54,129.24
250,724.63,27.08,47,64.64,10.42,13.65,831.9
251,307.95,10.85,34.59,14.94,0.53,12.41,478.03
252,712.95,44.14,68.73,5.81,NULL,5.75,222.18
253,512.63,35.8,41.07,5.76,1.02,0.45,370.92
254,700.02,59.42,36.98,6.32,2.7,2.58,545.2
255,765.82,54.15,48.21,23.12,5.1,11.12,980.75
256,393.21,28.96,26.9,7.17,3.24,2.54,835.98
257,283.69,19.41,23.69,3.06,0.25,1.69,87.92
258,579.83,29.06,24.22,51.89,1.3,2.37,552.89
259,727.03,14.46,51.75,96.08,7.17,67.23,295.45
260,253.45,7.45,23.7,23.95,2.42,19.91,50.58
261,436.84,25.14,36.72,16.45,3.57,10.19,106.49
262,397.24,25.11,34.95,10.25,3.12,2.7,77.31
263,162.92,12.67,7.15,6.85,2.81,0.7,617.78
264,142.06,11.93,2.72,8.41,3.95,3.76,657.4
265,733.32,40.41,55.77,37.09,7.02,6.85,1554.36
266,625.33,33.9,30.98,50.98,3.61,1.21,130.32
267,469.62,10.48,34.36,58.26,2.82,3.88,612.19
268,685.04,37.03,51.15,32.52,4.83,3.34,127.46
269,676.68,44.06,19.25,55.71,13.64,11.72,637.3
270,467,20.45,37.32,23.8,2.99,13.12,267.55
271,568.11,9.1,62.2,55.33,3.14,4.54,2230.47
272,705.39,25.05,47.46,71.71,4.04,19.69,1041.64
273,375.62,16.52,33.3,22.41,2.74,5.66,622.19
274,661.47,20.56,68.42,46.72,3.82,2.12,1140.07
275,373.63,21.9,36.41,8.83,3.73,1.72,894.18
276,490.23,19.5,29.64,48.48,17.76,10.01,626.3
277,188.75,7.28,8.99,24.49,6.64,15.25,263.83
278,437.41,35.44,8.02,31.19,18.47,4.7,253.79
279,238.35,15.01,9,24.07,11.37,8.93,242.97
280,283.63,9.42,11.79,40.47,16.75,5.83,1076.32
281,87.22,5.25,2.24,9.99,4.28,3.7,233.23
282,565.84,19.15,45.43,55.76,11.86,11.62,1904.11
283,311.77,3.78,24.33,49.24,12.17,13.08,955.98
284,156.9,8.56,5.05,18.89,3.99,6.8,507.15
285,345.99,7.81,25.41,49.52,12.29,11.93,887.31
286,130.25,4.3,3.04,23.29,4.95,7,251.56
287,282.76,4.42,32.4,30.31,8.46,8.19,743.73
288,834.51,49.15,51.46,45.67,8.8,10.56,3950.29
289,218.08,5.18,9.43,36.47,9.46,8.14,683.14
290,838.71,37.04,61.94,68.29,18.8,5.36,1413.02
291,610.55,25.36,22.55,75.65,4.71,5.69,700.26
292,326.14,11.93,21.77,37.83,5.93,10.06,267.8
293,709.73,24.56,46.51,78.19,12.86,13.83,393.48
294,139.54,5.84,5.88,19.61,6.26,2.68,349.7
295,120.38,5.08,7.24,13.45,2.94,4.78,370.81
296,495.9,23.55,21.84,54.5,9.99,10.91,1752.19
297,480.68,10.03,24.59,74.83,8.29,9.92,951.35
298,440.29,18.82,17.76,56.15,8.68,6.98,93.89
299,337.03,18.47,28.91,16.99,6.07,4.89,234.22
300,246.86,6.55,9.95,39.44,5.52,5.79,197.4
301,249.13,8.13,17.63,33.76,9.35,9.8,1069.47
302,374.3,24.71,14.6,32.61,12.4,7.81,704.58
303,257.5,16.09,9.9,24.1,7.92,5.94,516.17
304,686.34,43.22,19.47,62.8,15.09,30.87,620.02
305,556.69,16.36,19.71,91.64,5.79,12.45,2242.53
306,324.82,11.6,9.57,46.47,5.66,6.05,21.4
307,237.18,1.13,10.18,48.59,5.58,4.89,221.81
308,680.79,13.4,21.34,108.23,10.96,13.93,234.57
309,396.6,14.54,5.21,63.88,4.66,8.17,1024.69
310,114.1,1.57,5.28,20.86,3.24,3.15,74.86
311,373.11,14.66,12.42,48.64,3.41,2.81,331.49
312,921.96,39.53,33.51,109.31,8.25,18.22,1059.04
313,595.8,11.63,30.98,91.23,6.07,5.31,913.62
314,285.71,8.07,10.55,47.77,2.08,0.68,153.66
315,815.83,31.88,40.09,94.91,7.54,7,998.53
316,507.92,21.7,24.98,57.68,9.12,17.69,623.7
317,412.48,4.36,18.6,79.46,13.38,16.68,1214.66
318,313.78,8.34,9.76,50.04,3.18,3.33,140.67
319,161.8,3.08,8.97,25.83,11.45,4.37,207.49
320,501.49,40.33,5.63,39.22,17.06,17.9,209.59
321,766.97,33.83,22.74,99.91,18.35,27.39,710.93
322,766.32,31.68,28.58,92.61,12.38,9.35,1100.83
323,139.95,10.05,3.13,11.87,4.59,3.4,517.01
324,182.41,3.38,15.74,10.79,0.4,1.79,421.74
325,379.18,23.21,38.53,8.91,4.2,2.03,240.71
326,42.6,0.47,1.75,12.49,4.23,2.87,15.17
327,419.04,15.12,20.27,56.82,8.53,32.03,383.84
328,184.27,6.24,15.18,18.72,3.23,10.57,318.59
329,676.79,37.67,57.07,28.5,2.58,19.33,2076.83
330,16.27,0.13,0.55,2.93,0.61,0.13,202.07
331,395.42,27.37,29.88,7.18,2.51,2.22,890.32
332,443.02,6.36,76.77,16.64,1.85,4.78,3571.19
333,305.87,4.59,3.67,71.13,11.66,48.87,199.51
334,695.67,15.8,46.37,101.11,4.2,18.89,3588.87
335,877.28,41.52,73.71,59.47,14.22,35.45,1933.16
336,256.84,5.49,26.91,29.3,4.82,22.64,248.38
337,269.89,15.53,8.31,27.22,16.7,6.07,91.91
338,193.94,3.74,6.07,37.58,5.06,14.34,19.88
339,662.15,45.44,17.37,53.2,7.52,28.87,373.27
340,313.69,10.17,10.58,49.27,6.43,8.33,700.1
341,569.47,36.01,10.84,50.85,3.74,14.95,113.99
342,503.35,30.54,9.98,47.12,4.61,35.82,106.46
343,402.73,24.63,7.31,41.14,4.37,18.55,468.93
344,587.44,31.01,11.8,62.65,4.27,25.49,122.41
345,323.28,10.52,6.9,54.47,2.72,37.8,210.93
346,472.34,16.47,8.63,77.74,5.05,44.78,438.57
347,304.04,15.17,5.07,39.95,2.99,18.07,129.38
348,227.23,12.49,4.62,22.74,4.47,5.42,43.19
349,373.82,24.78,6.83,31.26,2.79,12.79,268.2
350,529.31,43.63,6.23,31.97,2.88,13.92,583.56
351,352.82,16.91,5.94,49.08,3.97,29.25,482.75
352,497.37,28.83,7.21,57.7,2.68,40.02,238.23
353,281.92,13.46,3.28,37.4,2.94,26.34,153.9
354,30.37,0.45,1.89,5.54,1.48,1.06,71.13
355,113.26,4.96,4.77,23.59,5.36,6.3,220.57
356,389.7,22.48,8.06,42.92,5.96,7.07,490.36
357,316.17,6.94,32.47,29.72,6.13,8.86,316.32
358,411.1,9.76,28.65,57.48,5.8,1.06,1469.84
359,566.53,24.02,67.46,18.12,3.11,4.4,674.89
360,226.02,10,6.66,30.15,5.29,5.34,291.54
361,259.96,7.75,7.76,43.95,7.08,13.39,385.92
362,450.17,10.35,20.54,72.38,8.43,8.03,997.99
363,897.94,50.59,36.08,74.01,6.58,6.16,1953.03
364,279.84,11.41,8.83,37.07,5.76,9.55,1065.9
365,197.83,10.38,14.45,13.09,1.31,4.77,294.02
366,920.17,42.44,40.2,96.3,7.43,6.5,1674.6
367,137.32,5.37,5.02,17.09,0.88,1.04,373.66
368,550.92,34.47,38.66,20.03,0.64,13.33,741.6
369,432.56,37.96,13.79,4.19,0.56,1.45,551.09
370,93.54,5.5,6.16,2.37,NULL,0.37,90.29
371,51.51,0.23,2.02,11.22,1.94,2.64,1200.76
372,613.34,42.48,44.62,10.1,0.95,4.73,652.31
373,990.26,49.26,38.32,101.61,19.49,25.57,343.13
374,251.7,6.49,8.73,42.38,8.51,5.97,666.45
375,570.85,12.73,69.89,38.42,1.5,0.05,457.5
376,575.12,34.99,23.03,50.15,8.89,17.28,197.68
377,144.5,1.96,28.97,0.88,NULL,0.22,405.02
378,727.45,17.71,46.22,93.31,5.84,13.96,1794.68
379,351.69,0.63,6.82,77.24,3.12,1.04,8.58
380,363.15,18.13,35.09,11.67,NULL,8.17,671.46
381,480.54,18.6,20.54,57.15,2.3,1.79,1940.85
382,195.99,2.52,15.38,26.78,2.94,2.74,544
383,75.96,2.44,11.5,1.58,0.36,0.53,525.12
384,236.66,4.59,3.22,46.62,3.93,8.09,2223.38
385,373.61,24.22,13.47,18.13,2.82,8.47,487.49
386,358.47,16.29,13.41,40.24,2.89,10.8,890.97
387,649.22,30.29,17.1,74.66,1.25,0.38,612.97
388,205.16,9.86,2.65,26.43,1.49,7.54,150.42
389,249.34,14.22,3.87,27.31,0.42,14.98,359.55
390,16.62,0.06,0.09,51.96,0.91,15.04,1.33
391,100.46,1.99,2.03,19.53,0.25,19.25,23.95
392,187.8,15.03,6.26,6.01,0.4,4.87,162.92
393,353.87,9.72,34.61,30.18,4.76,7.86,719.38
394,174.41,6.05,4.58,28.2,4.81,5.66,433.37
395,508.94,24.93,19.67,53.39,6.94,14.84,1254.88
396,496,11.86,7.31,91.88,13.82,19.25,381.66
397,587.13,18.94,69.56,34.4,8.37,6.92,1252.31
398,296.24,5.84,11.44,53.35,15.24,10,1058.36
399,496.88,17.42,41.2,43.21,8.91,9.87,453.72
400,420.14,14.23,5.48,69.13,10.31,14.24,381.49
401,261.23,4.38,9.94,42.16,8.85,6.42,1002.72
402,500.87,23.69,25.09,53.74,13.83,19.27,1264.13
403,203.37,1.03,10.18,41.3,9.77,6.72,1457.21
404,329.16,20.78,4.47,33.56,6.62,9.85,337.12
405,53.88,0.96,2.04,11.21,1.61,4.44,3.08
406,170.28,4.83,10.22,23.96,4.14,16.21,75.64
407,401.92,28.7,14.76,29.23,9.29,5.97,307.89
408,876.57,70.52,29.99,30.38,3.66,6.05,959.01
409,812.73,40.27,33.89,78.75,3.96,15.5,1610.97
410,425.15,9.12,15.92,69.98,4.56,31.2,478.26
411,339.33,10.09,7.47,53.75,2.75,13.74,131.33
412,613.92,19.89,40.13,71.32,3.38,40.1,1406.41
413,270.1,11.9,9.21,36.47,7.9,9.68,25.6
414,310.06,22.48,15.57,13.58,1.32,4.63,565.84
415,387.04,10.61,5.76,71.33,5.98,34.77,25.01
416,351.14,9.67,18.2,48.45,5.93,16.2,259.2
417,131.42,3.91,1.91,23.36,1.12,6.94,4.87
418,391.7,7.13,18.91,63.21,2.69,8.61,1388.49
419,178.18,9.1,2.69,24.2,3.33,7.48,47.02
420,447.16,30.44,14.07,33.21,2.89,24.99,1474.48
421,179.13,9.31,9.27,17.51,4.53,8.9,1667.05
422,508.27,17.99,17.82,70.42,17.7,0.11,1379.02
423,604.11,22.47,56.26,41.26,3.42,14.35,808.52
424,226.16,3.99,10.3,38.28,5.6,4.43,476.2
425,366.21,13.99,8.45,52.83,5.06,4.54,901.95
426,412.03,11.14,17.24,65.75,4.71,13.37,1899.63
427,296.56,10.38,15.51,34.84,2.7,4.36,519.79
428,176.68,13.7,5.71,9.83,2.67,1.51,303
429,971.3,50.78,31.22,108.5,6.46,5.63,3068.56
430,75.12,5.93,2.21,3.44,1.03,1.06,126.54
431,524.07,18.76,67.59,20.56,4.52,4.39,1830.99
432,725.59,24.03,39.73,83.63,4.95,7.16,771.55
433,557.3,12.01,76.88,18.51,3.15,7.79,1380.34
434,582.77,41.68,18.78,38.48,3.61,4.2,1073.9
435,469.42,16.57,27.17,54.42,5.68,18.25,997.76
436,633.25,30.46,46.33,44.11,5.1,6.3,2060.74
437,376.35,5.15,34.59,47.88,4.89,5.05,1433.66
438,323.4,9.34,18.27,45.11,8.05,18.41,1496.15
439,219.08,4.54,17.66,27.35,1.88,13.35,806.12
440,230.46,5.15,10.31,38.61,6.15,6.89,787.08
441,766.11,47.09,43.64,43.08,3.7,3.01,1271.18
442,320.84,18.69,28.37,8.07,0.49,0.41,1087.03
443,367.95,10.94,24.45,42.73,2.55,4.37,1665.18
444,673.44,51.99,28.03,25.3,2.57,10.8,1755.93
445,322.46,26.14,15.19,6.23,0.7,1.24,823.77
446,384.7,11.44,12.88,62.77,6.59,13.27,21.13
447,291.56,16.61,8.15,30.38,5.04,3.15,618.11
448,142.8,7.69,4.49,17,3.59,9.66,200.24
449,451.93,33.13,14.64,30.27,4.91,9.78,488.28
450,460.82,23.85,11.79,54.23,4.79,5.69,216.16
451,340.74,19.68,9.8,36.42,5.88,17.87,585.9
452,482.26,28.47,10.57,48.79,3.81,4.66,213.53
453,514.11,12.58,15.02,94.82,14.38,10.6,1686.95
454,549.17,18.42,18.09,79.79,7.68,9.83,150.57
455,390.18,14.55,25.15,42.17,4.67,7.23,494.91
456,334.09,11.43,41.31,16.46,1.45,9.21,318.44
457,673.6,48.95,28.03,38.29,10.73,4.78,435.88
458,868.17,53.66,37.3,58.74,6.2,39.45,771.47
459,657.65,43.52,25.95,45.17,6.9,7.34,653.05
460,336.54,17.68,17.54,30.24,2.94,23.23,272.51
461,527.81,34.58,39.22,14.77,3.31,3.79,496.76
462,525.65,40.42,10.63,32.19,3.15,20.43,512.71
463,202.68,1.25,10.82,38.01,12.35,3.36,759.28
464,315.74,14.62,13.17,34.2,15.48,3.12,199.93
465,263.57,5.17,13.42,45.14,15.13,12.83,1698.53
466,123.14,5.58,6.88,13.22,5.1,1.44,297.48
467,636.52,26.39,23.06,84.78,26.35,16.74,1021.91
468,117.92,3.27,5.25,19.44,6.49,6.16,332.02
469,297.08,1.43,17.42,56.73,13.59,7.06,915.27
470,444.64,13.27,42.88,42.15,9.76,10.15,557.85
471,230.94,3.28,8.86,45.28,11.72,6.23,640.21
472,227.61,3.11,22.8,30.53,12.12,11.35,440.98
473,823.76,32.37,68.04,63.16,11.15,13.94,1782.08
474,249.79,7.37,7.15,41.07,5.72,18.33,23.03
475,491.22,27.96,21.35,41.01,15.43,1.87,486.96
476,335.6,9.82,9.12,53.72,5.55,11.96,332.42
477,335.77,8.04,26.05,42.07,7.48,20.27,74.87
478,119.68,1.16,5.12,23.03,5.85,1.7,236.79
479,356.69,9.13,11.61,61.72,8.95,39.59,84.67
480,216.67,5.41,15.29,30.45,7.27,12.31,150.62
481,410.63,13.78,25.81,46.39,5.02,15.48,429.23
482,365.09,8.9,19.36,58.01,13.1,25.95,163.21
483,340.58,10.74,6.44,54.72,5.23,1.23,838.69
484,601.96,22.45,20.34,85.64,16.94,8.32,851.83
485,446.99,21.79,5.67,65.59,9.49,31.9,218.53
486,245.39,8.17,4.84,40.53,4.94,13.7,320.68
487,44.02,0.32,1.75,9.15,2.24,1.81,461.67
488,200.78,8.99,16.47,14.39,3.29,2.41,566.42
489,433.96,34.73,8.11,23.94,4.85,2.63,1480.03
490,187.12,1.5,6.68,31.71,6.23,2.73,453.63
491,413.83,9.11,17.52,68.31,14.13,9.64,715.29
492,462.93,17.39,33.78,45.63,6.65,16.79,692.31
493,140.07,7.81,8.58,13.39,5.31,3.69,515.01
494,327.22,18.35,37.21,6.06,2.63,2.42,578.83
495,475.22,4.69,42.32,64.55,4.44,2.16,406.54
496,132.78,3.86,4.33,24.93,4.51,15.75,132.19
497,572.09,17.27,56.86,43.38,2.63,3.72,1187.57
498,1118.98,75.11,82.68,23.81,1.68,1.65,971.55
499,672.37,20.29,25.21,97.05,5.22,28.76,672.03
500,476.21,10.79,37.85,64.13,10.09,12.47,1097.5
501,674.8,25.92,33.26,78.29,7.93,7.81,852.46
502,394.09,10.46,28.05,45.69,2.9,3.22,583.05
503,749.38,32.97,68.46,47.41,2.57,39.08,3454.68
